{
	"class_name" : "PinholeCameraParameters",
	"extrinsic" : 
	[
		1.0,
		-0.0,
		-0.0,
		0.0,
		0.0,
		-1.0,
		-0.0,
		0.0,
		0.0,
		-0.0,
		-1.0,
		0.0,
		-3.6913133982810188e-05,
		1.4996190796279333e-05,
		0.00071243559913708779,
		1.0
	],
	"intrinsic" : 
	{
		"height" : 1056,
		"intrinsic_matrix" : 
		[
			914.52282639636724,
			0.0,
			0.0,
			0.0,
			914.52282639636724,
			0.0,
			927.0,
			527.5,
			1.0
		],
		"width" : 1855
	},
	"version_major" : 1,
	"version_minor" : 0
}