{
	"class_name" : "PinholeCameraParameters",
	"extrinsic" : 
	[
		0.98980537488102771,
		0.0076370944017604718,
		-0.14222163916130012,
		0.0,
		-0.029612500856115824,
		-0.96570487879288802,
		-0.25794803133317401,
		0.0,
		-0.1393141042740289,
		0.25952988626497758,
		-0.95563372611352149,
		0.0,
		-0.00010568971116088333,
		0.00014592448788683385,
		0.00012072191448830486,
		1.0
	],
	"intrinsic" : 
	{
		"height" : 1056,
		"intrinsic_matrix" : 
		[
			914.52282639636724,
			0.0,
			0.0,
			0.0,
			914.52282639636724,
			0.0,
			927.0,
			527.5,
			1.0
		],
		"width" : 1855
	},
	"version_major" : 1,
	"version_minor" : 0
}