{
	"class_name" : "PinholeCameraParameters",
	"extrinsic" : 
	[
		0.875962801682726,
		0.11627220955056911,
		-0.46815589642167055,
		0.0,
		-0.091793842716975896,
		-0.91260225858240074,
		-0.39841060235585118,
		0.0,
		-0.47356420948737299,
		0.39196669618288954,
		-0.78873255833398304,
		0.0,
		0.033390681236866893,
		0.3191335022954726,
		0.50860231326465044,
		1.0
	],
	"intrinsic" : 
	{
		"height" : 1016,
		"intrinsic_matrix" : 
		[
			879.88181024498977,
			0.0,
			0.0,
			0.0,
			879.88181024498977,
			0.0,
			923.5,
			507.5,
			1.0
		],
		"width" : 1848
	},
	"version_major" : 1,
	"version_minor" : 0
}